Campaign Name,Mediaplan,Campaign Mp Label,Datasource_y
MCMMIA_2021_COL_KELLOGGS_PRINGLES_SEASONAL_GOOGLE_SEM_PROMOXBOX_AFFINITYAUDIENCE_CPC_EVENINGME,2021_ktbo_kube_Adverity_Mediaplan_Abril-PromoXbox,MCMMIA_2021_COL_Kelloggs_Pringles_Seasonal_Google_SEM_Promo Xbox_Affinity Audience_CPC_Evening Me,Google Adwords
MCMMX_2021_MEX_KELLOGGS_PRINGLES_SEASONAL_PROMOXBOX_TWITTER_TWITTER_VIDEOVIEWS_CPV_EVENINGME,2021_ktbo_kube_Adverity_Mediaplan_Abril-PromoXbox,MCMMX_2021_MEX_Kelloggs_Pringles_Seasonal_Promo Xbox_Twitter_Twitter_Video Views_CPV_Evening Me,Twitter
MCMMX_2021_MEX_KELLOGGS_PRINGLES_SEASONAL_PROMOXBOX_TWITTER_TWITTER_VIDEOVIEWS_CPV_EVENINGME,2021_ktbo_kube_Adverity_Mediaplan_Mayo-PromoXbox,MCMMX_2021_MEX_Kelloggs_Pringles_Seasonal_Promo Xbox_Twitter_Twitter_Video Views_CPV_Evening Me,Twitter
MCMPR_2021_GTM_KELLOGGS_SPECIALKBARS_SEASONAL_HOMEOFFICE_SIZMEK_MID-MORNINGSNACK_CPCV-EIKON,2021_ktbo_kube_Adverity_Mediaplan_Abril-Caricam,MCMPR_2021_GTM_Kelloggs_Special K bars_Seasonal_Home Office_Sizmek_Mid-Morning Snack_CPCV-Eikon,Other Channels
MCMPR_2021_GTM_KELLOGGS_SPECIALKBARS_SEASONAL_HOMEOFFICE_SIZMEK_MID-MORNINGSNACK_CPCV-EIKON,2021_ktbo_kube_Adverity_Mediaplan_Mayo-Caricam,MCMPR_2021_GTM_Kelloggs_Special K bars_Seasonal_Home Office_Sizmek_Mid-Morning Snack_CPCV-Eikon,Other Channels
MCMPR_2021_CRI_KELLOGGS_SPECIALKBARS_SEASONAL_HOMEOFFICE_SIZMEK_MID-MORNINGSNACK_CPCV-EIKON,2021_ktbo_kube_Adverity_Mediaplan_Abril-Caricam,MCMPR_2021_CRI_Kelloggs_Special K bars_Seasonal_Home Office_Sizmek_Mid-Morning Snack_CPCV-Eikon,Other Channels
MCMPR_2021_CRI_KELLOGGS_SPECIALKBARS_SEASONAL_HOMEOFFICE_SIZMEK_MID-MORNINGSNACK_CPCV-EIKON,2021_ktbo_kube_Adverity_Mediaplan_Mayo-Caricam,MCMPR_2021_CRI_Kelloggs_Special K bars_Seasonal_Home Office_Sizmek_Mid-Morning Snack_CPCV-Eikon,Other Channels
MCMMIA_2021_COL_KELLOGGS_PRINGLES_SEASONAL_GOOGLE_SEM_PROMOXBOX_AFFINITYAUDIENCES_CPC_EVENINGME,2021_ktbo_kube_Adverity_Mediaplan_Mayo-PromoXbox,MCMMIA_2021_COL_Kelloggs_Pringles_Seasonal_Google_SEM_Promo Xbox_Affinity Audiences_CPC_Evening Me,Google Adwords
MCMMIA_2021_ARG_KELLOGGS_PRINGLES_SEASONAL_GOOGLE_SEM_PROMOXBOX_AFFINITYAUDIENCES_CPC_EVENINGME,2021_ktbo_kube_Adverity_Mediaplan_Mayo-PromoXbox,MCMMIA_2021_ARG_Kelloggs_Pringles_Seasonal_Google_SEM_Promo Xbox_Affinity Audiences_CPC_Evening Me,Google Adwords
MCMMIA_2021_COL_KELLOGGS_CORPORATEPROMOTIONS_SEASONAL_GOOGLE_YOUTUBE_BACKTOSCHOOL_AFFINITYAUDIENCES_CPV_FAMILYBREAKFAST,2021_ktbo_kube_Adverity_Mediaplan_Mayo-Colombia,MCMMIA_2021_COL_Kelloggs_Corporate Promotions_Seasonal_Google_Youtube_Back to School_Affinity Audiences_CPV_Family Breakfast,Google Adwords
MCMMIA_2021_COL_KELLOGGS_CORPORATEPROMOTIONS_SEASONAL_BACKTOSCHOOL_FACEBOOK_FACEBOOKANDINSTAGRAM_REACH_CPM_FAMILYBREAKFAST,2021_ktbo_kube_Adverity_Mediaplan_Mayo-Colombia,MCMMIA_2021_COL_Kelloggs_Corporate Promotions_Seasonal_Back to School_Facebook_Facebook and Instagram_Reach_CPM_Family Breakfast,Facebook Ads Insights
MCMMIA_2021_COL_KELLOGGS_CORPORATEPROMOTIONS_SEASONAL_GOOGLE_YOUTUBE_BACKTOSCHOOL_AFFINITYAUDIENCES_CPM_FAMILYBREAKFAST,2021_ktbo_kube_Adverity_Mediaplan_Mayo-Colombia,MCMMIA_2021_COL_Kelloggs_Corporate Promotions_Seasonal_Google_Youtube_Back to School_Affinity Audiences_CPM_Family Breakfast,Google Adwords
MCMMIA_2021_COL_KELLOGGS_CORPORATEPROMOTIONS_SEASONAL_BACKTOSCHOOL_FACEBOOK_FACEBOOKANDINSTAGRAM_WEBSITECLICKS_CPC_FAMILYBREAKFAST,2021_ktbo_kube_Adverity_Mediaplan_Mayo-Colombia,MCMMIA_2021_COL_Kelloggs_Corporate Promotions_Seasonal_Back to School_Facebook_Facebook and Instagram_Website Clicks_CPC_Family Breakfast,Facebook Ads Insights
MCMCO_2021_COL_KELLOGGS_CORPORATEPROMOTIONS_SEASONAL_BACKTOSCHOOL_SIZMEK_FAMILYBREAKFAST_CPV-KIDSCORP,2021_ktbo_kube_Adverity_Mediaplan_Mayo-Colombia,MCMCO_2021_COL_Kelloggs_Corporate Promotions_Seasonal_Back to School_Sizmek_Family Breakfast_CPV-Kidscorp,Other Channels
MCMCO_2021_COL_KELLOGGS_CORPORATEPROMOTIONS_SEASONAL_BACKTOSCHOOL_SIZMEK_FAMILYBREAKFAST_CPM-AUDIO,2021_ktbo_kube_Adverity_Mediaplan_Mayo-Colombia,MCMCO_2021_COL_Kelloggs_Corporate Promotions_Seasonal_Back to School_Sizmek_Family Breakfast_CPM-Audio,Other Channels
MCMCO_2021_COL_KELLOGGS_CORPORATEPROMOTIONS_SEASONAL_BACKTOSCHOOL_SIZMEK_FAMILYBREAKFAST_CPM-XAXIS-STANDARDBANNERS,2021_ktbo_kube_Adverity_Mediaplan_Mayo-Colombia,MCMCO_2021_COL_Kelloggs_Corporate Promotions_Seasonal_Back to School_Sizmek_Family Breakfast_CPM-Xaxis - Standard Banners,Sizmek Sas
MCMCO_2021_COL_KELLOGGS_EXTRA_SEASONAL_EXTRA_SIZMEK_BREAKFASTFORONE_CPC-TAPTAP-STANDARDBANNER,2021_ktbo_kube_Adverity_Mediaplan_Mayo-Colombia,MCMCO_2021_COL_Kelloggs_Extra_Seasonal_Extra_Sizmek_Breakfast for One_CPC-Tap Tap-Standard Banner,Other Channels
MCMCO_2021_COL_KELLOGGS_EXTRA_SEASONAL_EXTRA_SIZMEK_BREAKFASTFORONE_CPV-XAXIS-VIDEO,2021_ktbo_kube_Adverity_Mediaplan_Mayo-Colombia,MCMCO_2021_COL_Kelloggs_Extra_Seasonal_Extra_Sizmek_Breakfast for One_CPV-Xaxis - Video,Sizmek Sas
MCMCO_2021_COL_KELLOGGS_EXTRA_SEASONAL_EXTRA_SIZMEK_BREAKFASTFORONE_CPM-XAXIS-INTERSTITIAL,2021_ktbo_kube_Adverity_Mediaplan_Mayo-Colombia,MCMCO_2021_COL_Kelloggs_Extra_Seasonal_Extra_Sizmek_Breakfast for One_CPM-Xaxis - interstitial,Sizmek Sas
MCMCO_2021_COL_KELLOGGS_EXTRA_SEASONAL_EXTRA_SIZMEK_BREAKFASTFORONE_CPM-TAPTAP-VIDEO,2021_ktbo_kube_Adverity_Mediaplan_Mayo-Colombia,MCMCO_2021_COL_Kelloggs_Extra_Seasonal_Extra_Sizmek_Breakfast for One_CPM-Tap Tap-Video,Other Channels
MCMCO_2021_COL_KELLOGGS_EXTRA_SEASONAL_EXTRA_SIZMEK_BREAKFASTFORONE_CPM-XAXIS-DISPLAY,2021_ktbo_kube_Adverity_Mediaplan_Mayo-Colombia,MCMCO_2021_COL_Kelloggs_Extra_Seasonal_Extra_Sizmek_Breakfast for One_CPM-Xaxis - Display,Sizmek Sas
MCMCO_2021_COL_KELLOGGS_EXTRA_SEASONAL_EXTRA_SIZMEK_BREAKFASTFORONE_CPM-SUNMEDIA,2021_ktbo_kube_Adverity_Mediaplan_Mayo-Colombia,MCMCO_2021_COL_Kelloggs_Extra_Seasonal_Extra_Sizmek_Breakfast for One_CPM-Sunmedia,Other Channels
MCMMX_2021_MEX_KELLOGGS_MASTERBRAND_SEASONAL_ALWAYSCLOSETOYOU_TWITTER_TWITTER_VIEWS_CPV_FAMILYBREAKFAST,2021_ktbo_kube_Adverity_Mediaplan_Mayo-Mexico,MCMMX_2021_MEX_Kelloggs_Masterbrand_Seasonal_Always Close To You_Twitter_Twitter_Views_CPV_Family Breakfast,Twitter
MCMMX_2021_MEX_KELLOGGS_MASTERBRAND_SEASONAL_ALWAYSCLOSETOYOU_TWITTER_TWITTER_VIEWS_FIXED_FAMILYBREAKFAST,2021_ktbo_kube_Adverity_Mediaplan_Mayo-Mexico,MCMMX_2021_MEX_Kelloggs_Masterbrand_Seasonal_Always Close To You_Twitter_Twitter_Views_Fixed_Family Breakfast,Twitter
MCMMIA_2020_COL_KELLOGGS_CORPORATEPROMOTIONS_SEASONAL_XAXIS_YOUTUBE_INSERTOS2_AFFINITYAUDIENCES_CPV,2021_ktbo_kube_Adverity_Mediaplan_Diciembre-Colombia,MCMMIA_2020_COL_Kelloggs_Corporate Promotions_Seasonal_Xaxis_Youtube_Insertos 2_Affinity Audiences_CPV_Breakfast for One,Other Channels
MCMMIA_2020_COL_KELLOGGS_CORPORATEPROMOTIONS_SEASONAL_XAXIS_YOUTUBE_INSERTOS2_AFFINITYAUDIENCES_CPV,2021_ktbo_kube_Adverity_Mediaplan_Diciembre-Colombia,MCMMIA_2020_COL_Kelloggs_Corporate Promotions_Seasonal_Xaxis_Youtube_Insertos 2_Affinity Audiences_CPV_Breakfast for One,Other Channels
MCMCO_2020_COL_KELLOGGS_MASTERBRAND_SEASONAL_HEALTYKIDS_SIZMEK_FAMILYBREAKFAST_CPM-XAXIS-DISPLAY,2021_ktbo_kube_Adverity_Mediaplan_Diciembre-Colombia,MCMCO_2020_COL_Kelloggs_Masterbrand_Seasonal_Healty Kids_Sizmek_Family Breakfast_CPM-Xaxis - Display,Sizmek Sas
MCMCO_2020_COL_KELLOGGS_MASTERBRAND_SEASONAL_HEALTYKIDS_SIZMEK_FAMILYBREAKFAST_CPM-XAXIS-DISPLAY,2021_ktbo_kube_Adverity_Mediaplan_Diciembre-Colombia,MCMCO_2020_COL_Kelloggs_Masterbrand_Seasonal_Healty Kids_Sizmek_Family Breakfast_CPM-Xaxis - Display,Sizmek Sas
KTBO_2020_MEX_KELLOGGS_CHOCOKRISPIS_SEASONAL_EQUITY_INFLUENCER-INSTAGRAM_FAMILYBREAKFAST,2020_ktbo_kube_Adverity_Mediaplan_ExpChocoMX_Influencers,KTBO_2020_MEX_Kelloggs_ChocoKrispis_Seasonal_Equity_Influencer-Instagram_Familybreakfast,Other Channels
KTBO_2020_MEX_KELLOGGS_CHOCOKRISPIS_SEASONAL_EQUITY_TIKTOK_FAMILYBREAKFAST,2020_ktbo_kube_Adverity_Mediaplan_ExpChocoMX_Influencers,KTBO_2020_MEX_Kelloggs_ChocoKrispis_Seasonal_Equity_TikTok_Familybreakfast,Other Channels
KTBO_2020_MEX_KELLOGGS_CHOCOKRISPIS_SEASONAL_EQUITY_INFLUENCER-YOUTUBE_FAMILYBREAKFAST,2020_ktbo_kube_Adverity_Mediaplan_ExpChocoMX_Influencers,KTBO_2020_MEX_Kelloggs_ChocoKrispis_Seasonal_Equity_Influencer-Youtube_Familybreakfast,Other Channels
MCMMIA_2020_COL_KELLOGGS_PRINGLES_SEASONAL_XAXIS_YOUTUBE_ARMALARUMBA_AFFINITYAUDIENCES_CPV,2020_ktbo_kube_Adverity_Mediaplan_Noviembre-Colombia,MCMMIA_2020_COL_Kelloggs_Pringles_Seasonal_Xaxis_Youtube_Arma la Rumba_Affinity Audiences_CPV_Evening Me,Other Channels
MCMMIA_2020_COL_KELLOGGS_PRINGLES_SEASONAL_XAXIS_YOUTUBE_ARMALARUMBA_AFFINITYAUDIENCES_CPM,2020_ktbo_kube_Adverity_Mediaplan_Noviembre-Colombia,MCMMIA_2020_COL_Kelloggs_Pringles_Seasonal_Xaxis_Youtube_Arma la Rumba_Affinity Audiences_CPM_Evening Me,Other Channels
MCMMIA_2020_COL_KELLOGGS_FROOTLOOPS_SEASONAL_XAXIS_YOUTUBE_FROOTLOOPSJUMBO_AFFINITYAUDIENCES_CPV,2020_ktbo_kube_Adverity_Mediaplan_Noviembre-Colombia,MCMMIA_2020_COL_Kelloggs_Froot Loops_Seasonal_Xaxis_Youtube_Froot Loops Jumbo_Affinity Audiences_CPV_Mid-Morning Snack,Other Channels
MCMMIA_2020_COL_KELLOGGS_FROOTLOOPS_SEASONAL_XAXIS_YOUTUBE_FROOTLOOPSJUMBO_AFFINITYAUDIENCES_CPM,2020_ktbo_kube_Adverity_Mediaplan_Noviembre-Colombia,MCMMIA_2020_COL_Kelloggs_Froot Loops_Seasonal_Xaxis_Youtube_Froot Loops Jumbo_Affinity Audiences_CPM_Mid-Morning Snack,Other Channels
KTBO_2020_BRA_KELLOGGS_PRINGLES_SEASONAL_QUESACO_TWITTER_TWITTER_AWARENESS_CPM,10302020ktbo_kube_AdverityMediaplan_Octubre-Brasil-QueSaco,KTBO_2020_BRA_Kelloggs_Pringles_Seasonal_QueSaco_Twitter_Twitter_Awareness_CPM_EveningWe,Other Channels
KTBO_2020_BRA_KELLOGGS_PRINGLES_SEASONAL_QUESACO_TWITTER_TWITTER_AWARENESS_CPM,10302020ktbo_kube_AdverityMediaplan_Octubre-Brasil-QueSaco,KTBO_2020_BRA_Kelloggs_Pringles_Seasonal_QueSaco_Twitter_Twitter_Awareness_CPM_EveningWe,Other Channels
KTBO_2020_BRA_KELLOGGS_PRINGLES_SEASONAL_QUESACO_PIPOCANDO_CPV_EVENINGLEISURETIME,10302020ktbo_kube_AdverityMediaplan_Octubre-Brasil-QueSaco,KTBO_2020_BRA_Kelloggs_Pringles_Seasonal_QueSaco_Pipocando_CPV_EveningLeisureTime,Other Channels
KTBO_2020_BRA_KELLOGGS_PRINGLES_SEASONAL_QUESACO_PIPOCANDO_CPV_EVENINGLEISURETIME,10302020ktbo_kube_AdverityMediaplan_Octubre-Brasil-QueSaco,KTBO_2020_BRA_Kelloggs_Pringles_Seasonal_QueSaco_Pipocando_CPV_EveningLeisureTime,Other Channels
MCMCO_2020_COL_KELLOGGS_CORPORATEPROMOTIONS_SEASONAL_RAPPI-MUSLI_SIZMEK_BREAKFASTFORONE_CPM-XAXIS–DISPLAY,2020_ktbo_kube_Adverity_Mediaplan_EneroAgosto-AllRegions,MCMCO_2020_COL_KELLOGGS_CORPORATEPROMOTIONS_SEASONAL_RAPPI-MUSLI_SIZMEK_BREAKFASTFORONE_CPM-XAXIS–DISPLAY,Sizmek Sas
MCMCO_2020_COL_KELLOGGS_FROOTLOOPS_SEASONAL_FROOTLOOPSJUMBO_SIZMEK_FAMILYBREAKFAST_CPM-TAPTAP-DISPLAY-STANDARBANNER,2020_ktbo_kube_Adverity_Mediaplan_EneroAgosto-AllRegions,MCMCO_2020_COL_KELLOGGS_FROOTLOOPS_SEASONAL_FROOTLOOPSJUMBO_SIZMEK_FAMILYBREAKFAST_CPM-TAPTAP-DISPLAY-STANDARBANNER,Sizmek Sas
MCMCO_2020_COL_KELLOGGS_FROOTLOOPS_SEASONAL_FROOTLOOPSJUMBO_SIZMEK_FAMILYBREAKFAST_CPV-XAXIS-VIDEO,2020_ktbo_kube_Adverity_Mediaplan_EneroAgosto-AllRegions,MCMCO_2020_COL_KELLOGGS_FROOTLOOPS_SEASONAL_FROOTLOOPSJUMBO_SIZMEK_FAMILYBREAKFAST_CPV-XAXIS-VIDEO,Sizmek Sas
MCMCO_2020_COL_KELLOGGS_MASTERBRAND_SEASONAL_CORONAVIRUS_TWITTER_TWITTER_REACH_CPM_BREAKFASTFORONE,2020_ktbo_kube_Adverity_Mediaplan_EneroAgosto-AllRegions,MCMCO_2020_COL_KELLOGGS_MASTERBRAND_SEASONAL_CORONAVIRUS_TWITTER_TWITTER_REACH_CPM_BREAKFASTFORONE,Twitter
MCMCO_2020_COL_KELLOGGS_PRINGLES_SEASONAL_CASAPREMIOS_SIZMEK_EVENINGME_CPM-XAXIS-DISPLAY,2020_ktbo_kube_Adverity_Mediaplan_EneroAgosto-AllRegions,MCMCO_2020_COL_Kelloggs_Pringles_Seasonal_Casa Premios_Sizmek_Evening Me_CPM-Xaxis - Display,Sizmek Sas
MCMCO_2020_COL_KELLOGGS_PRINGLES_SEASONAL_PRINGLESWAVY_SIZMEK_BREAKFASTFORONE_CPM-TEADS- DISPLAY,2020_ktbo_kube_Adverity_Mediaplan_EneroAgosto-AllRegions,MCMCO_2020_COL_KELLOGGS_PRINGLES_SEASONAL_PRINGLESWAVY_SIZMEK_BREAKFASTFORONE_CPM-TEADS- DISPLAY,Other Channels
MCMCO_2020_COL_KELLOGGS_PRINGLES_SEASONAL_PROMOMCDONALDS_SIZMEK_MID-MORNINGSNACK_CPM-XAXIS–DISPLAY,2020_ktbo_kube_Adverity_Mediaplan_EneroAgosto-AllRegions,MCMCO_2020_COL_KELLOGGS_PRINGLES_SEASONAL_PROMOMCDONALDS_SIZMEK_MID-MORNINGSNACK_CPM-XAXIS–DISPLAY,Sizmek Sas
MCMMIA_2020_ARG_KELLOGGS_PRINGLES_SEASONAL_MOVIMIENTOPRINGLES_SIZMEK_EVENINGME_CPCV-XAXIS-VIDEO,2020_ktbo_kube_Adverity_Mediaplan_EneroAgosto-AllRegions,MCMMIA_2020_ARG_Kelloggs_Pringles_Seasonal_Movimiento Pringles_Sizmek_Evening Me_CPCV-Xaxis - Video,Sizmek Sas
MCMMIA_2020_ARG_KELLOGGS_PRINGLES_SEASONAL_MOVIMIENTOPRINGLES_SIZMEK_EVENINGME_CPM-XAXIS,2020_ktbo_kube_Adverity_Mediaplan_EneroAgosto-AllRegions,MCMMIA_2020_ARG_Kelloggs_Pringles_Seasonal_Movimiento Pringles_Sizmek_Evening Me_CPM-Xaxis,Sizmek Sas
MCMMIA_2020_ARG_KELLOGGS_PRINGLES_SEASONAL_MOVIMIENTOPRINGLES_SIZMEK_EVENINGME_CPM-XAXIS-SCROLLREACTIVE,2020_ktbo_kube_Adverity_Mediaplan_EneroAgosto-AllRegions,MCMMIA_2020_ARG_Kelloggs_Pringles_Seasonal_Movimiento Pringles_Sizmek_Evening Me_CPM-Xaxis - Scroll Reactive,Sizmek Sas
MCMMIA_2020_ARG_KELLOGGS_PRINGLES_SEASONAL_MOVIMIENTOPRINGLES_SIZMEK_EVENINGME_CPM-XAXIS-VIDEOBOARD,2020_ktbo_kube_Adverity_Mediaplan_EneroAgosto-AllRegions,MCMMIA_2020_ARG_Kelloggs_Pringles_Seasonal_Movimiento Pringles_Sizmek_Evening Me_CPM-Xaxis - Video Board,Sizmek Sas
MCMMIA_2020_CRI_KELLOGGS_CORPORATEPROMOTIONS_SEASONAL_GOOGLE_YOUTUBE_MEZCLADITO_AFFINITYAUDIENCES_CPV_FAMILYBREAKFAST,2020_ktbo_kube_Adverity_Mediaplan_EneroAgosto-AllRegions,MCMMIA_2020_CRI_KELLOGGS_CORPORATEPROMOTIONS_SEASONAL_GOOGLE_YOUTUBE_MEZCLADITO_AFFINITYAUDIENCES_CPV_FAMILYBREAKFAST,Google Adwords
MCMMIA_2020_CRI_KELLOGGS_CORPORATEPROMOTIONS_SEASONAL_MEZCLADITO_FACEBOOK_FACEBOOKANDINSTAGRAM_REACH_CPM_FAMILYBREAKFAST,2020_ktbo_kube_Adverity_Mediaplan_EneroAgosto-AllRegions,MCMMIA_2020_CRI_KELLOGGS_CORPORATEPROMOTIONS_SEASONAL_MEZCLADITO_FACEBOOK_FACEBOOKANDINSTAGRAM_REACH_CPM_FAMILYBREAKFAST,Facebook Ads Insights
MCMMIA_2020_CRI_KELLOGGS_PRINGLES_SEASONAL_GOOGLE_YOUTUBE_SNACKEAYGANA_AFFINITYAUDIENCES_CPA_EVENINGME,2020_ktbo_kube_Adverity_Mediaplan_EneroAgosto-AllRegions,MCMMIA_2020_CRI_Kelloggs_Pringles_Seasonal_Google_Youtube_SnackeayGana_AffinityAudiences_CPA_EveningMe,Google Adwords
MCMMIA_2020_DOM_KELLOGGS_PRINGLES_SEASONAL_GOOGLE_YOUTUBE_SNACKEAYGANA_AFFINITYAUDIENCES_CPA_EVENINGME,2020_ktbo_kube_Adverity_Mediaplan_EneroAgosto-AllRegions,MCMMIA_2020_DOM_Kelloggs_Pringles_Seasonal_Google_Youtube_SnackeayGana_AffinityAudiences_CPA_EveningMe,Google Adwords
MCMMIA_2020_GTM_KELLOGGS_CORPORATEPROMOTIONS_SEASONAL_GOOGLE_YOUTUBE_MEZCLADITO_AFFINITYAUDIENCES_CPV_FAMILYBREAKFAST,2020_ktbo_kube_Adverity_Mediaplan_EneroAgosto-AllRegions,MCMMIA_2020_GTM_KELLOGGS_CORPORATEPROMOTIONS_SEASONAL_GOOGLE_YOUTUBE_MEZCLADITO_AFFINITYAUDIENCES_CPV_FAMILYBREAKFAST,Google Adwords
MCMMIA_2020_GTM_KELLOGGS_CORPORATEPROMOTIONS_SEASONAL_MEZCLADITO_FACEBOOK_FACEBOOKANDINSTAGRAM_REACH_CPM_FAMILYBREAKFAST,2020_ktbo_kube_Adverity_Mediaplan_EneroAgosto-AllRegions,MCMMIA_2020_GTM_KELLOGGS_CORPORATEPROMOTIONS_SEASONAL_MEZCLADITO_FACEBOOK_FACEBOOKANDINSTAGRAM_REACH_CPM_FAMILYBREAKFAST,Facebook Ads Insights
MCMMIA_2020_GTM_KELLOGGS_PRINGLES_SEASONAL_GOOGLE_YOUTUBE_SNACKEAYGANA_AFFINITYAUDIENCES_CPA_EVENINGME,2020_ktbo_kube_Adverity_Mediaplan_EneroAgosto-AllRegions,MCMMIA_2020_GTM_Kelloggs_Pringles_Seasonal_Google_Youtube_SnackeayGana_AffinityAudiences_CPA_EveningMe,Google Adwords
MCMMIA_2020_MEX_KELLOGGS_CORPORATEAFFAIRS_SEASONAL_COMUNICADO9MARZO_TWITTER_TWITTER_REACH_CPM_FAMILYBREAKFAST,2020_ktbo_kube_Adverity_Mediaplan_EneroAgosto-AllRegions,MCMMIA_2020_MEX_KELLOGGS_CORPORATEAFFAIRS_SEASONAL_COMUNICADO9MARZO_TWITTER_TWITTER_REACH_CPM_FAMILYBREAKFAST,Twitter
MCMMIA_2020_MEX_KELLOGGS_MASTERBRAND_SEASONAL_MEZCLADITO_FACEBOOK_FACEBOOKANDINSTAGRAM_REACH_CPM_BREAKFASTFORONE,2020_ktbo_kube_Adverity_Mediaplan_EneroAgosto-AllRegions,MCMMIA_2020_MEX_KELLOGGS_MASTERBRAND_SEASONAL_MEZCLADITO_FACEBOOK_FACEBOOKANDINSTAGRAM_REACH_CPM_BREAKFASTFORONE,Facebook Ads Insights
MCMMIA_2020_MEX_KELLOGGS_PRINGLES_SEASONAL_MOVIMIENTOPRINGLES_TWITTER_TWITTER_VIEWS_CPV_EVENINGME,2020_ktbo_kube_Adverity_Mediaplan_EneroAgosto-AllRegions,MCMMIA_2020_MEX_KELLOGGS_PRINGLES_SEASONAL_MOVIMIENTOPRINGLES_TWITTER_TWITTER_VIEWS_CPV_EVENINGME,Twitter
MCMMIA_2020_MEX_KELLOGGS_PRINGLES_SEASONAL_REDCITY_TWITTER_TWITTER_ENGAGEMENT_CPE_EVENINGME,2020_ktbo_kube_Adverity_Mediaplan_EneroAgosto-AllRegions,MCMMIA_2020_MEX_KELLOGGS_PRINGLES_SEASONAL_REDCITY_TWITTER_TWITTER_ENGAGEMENT_CPE_EVENINGME,Twitter
MCMMIA_2020_MEX_KELLOGGS_ZUCARITAS_SEASONAL_GOOGLE_SEM_PROMOCINEMEX_BRAND_CPC_FAMILYBREAKFAST,2020_ktbo_kube_Adverity_Mediaplan_EneroAgosto-AllRegions,MCMMIA_2020_MEX_KELLOGGS_ZUCARITAS_SEASONAL_GOOGLE_SEM_PROMOCINEMEX_BRAND_CPC_FAMILYBREAKFAST,Google Adwords
MCMMIA_2020_MEX_KELLOGGS_ZUCARITAS_SEASONAL_GOOGLE_SEM_PROMOCINEMEX_INTEREST_CPC_FAMILYBREAKFAST,2020_ktbo_kube_Adverity_Mediaplan_EneroAgosto-AllRegions,MCMMIA_2020_MEX_KELLOGGS_ZUCARITAS_SEASONAL_GOOGLE_SEM_PROMOCINEMEX_INTEREST_CPC_FAMILYBREAKFAST,Google Adwords
MCMMIA_2020_MEX_KELLOGGS_ZUCARITAS_SEASONAL_PATROCINIOSUPERBOWL_TWITTER_TWITTER_VIEWS_FIXED_FAMILYBREAKFAST,2020_ktbo_kube_Adverity_Mediaplan_EneroAgosto-AllRegions,MCMMIA_2020_MEX_KELLOGGS_ZUCARITAS_SEASONAL_PATROCINIOSUPERBOWL_TWITTER_TWITTER_VIEWS_FIXED_FAMILYBREAKFAST,Twitter
MCMMIA_2020_PAN_KELLOGGS_PRINGLES_SEASONAL_GOOGLE_YOUTUBE_SNACKEAYGANA_AFFINITYAUDIENCES_CPA_EVENINGME,2020_ktbo_kube_Adverity_Mediaplan_EneroAgosto-AllRegions,MCMMIA_2020_PAN_Kelloggs_Pringles_Seasonal_Google_Youtube_SnackeayGana_AffinityAudiences_CPA_EveningMe,Google Adwords
MCMMIA_2020_SLV_KELLOGGS_CORPORATEPROMOTIONS_SEASONAL_GOOGLE_YOUTUBE_MEZCLADITO_AFFINITYAUDIENCES_CPV_FAMILYBREAKFAST,2020_ktbo_kube_Adverity_Mediaplan_EneroAgosto-AllRegions,MCMMIA_2020_SLV_KELLOGGS_CORPORATEPROMOTIONS_SEASONAL_GOOGLE_YOUTUBE_MEZCLADITO_AFFINITYAUDIENCES_CPV_FAMILYBREAKFAST,Google Adwords
MCMMIA_2020_SLV_KELLOGGS_CORPORATEPROMOTIONS_SEASONAL_MEZCLADITO_FACEBOOK_FACEBOOKANDINSTAGRAM_REACH_CPM_FAMILYBREAKFAST,2020_ktbo_kube_Adverity_Mediaplan_EneroAgosto-AllRegions,MCMMIA_2020_SLV_KELLOGGS_CORPORATEPROMOTIONS_SEASONAL_MEZCLADITO_FACEBOOK_FACEBOOKANDINSTAGRAM_REACH_CPM_FAMILYBREAKFAST,Facebook Ads Insights
MCMMX_2020_MEX_KELLOGGS_CHOCOKRISPIS_SEASONAL_EQUITY_SIZMEK_FAMILYBREAKFAST_CPCV-XAXIS-SHORTFORMVIDEO,2020_ktbo_kube_Adverity_Mediaplan_EneroAgosto-AllRegions,MCMMX_2020_MEX_Kelloggs_Choco Krispis_Seasonal_Equity_Sizmek_Family breakfast_CPCV-Xaxis - Short form Video,Sizmek Sas
MCMMX_2020_MEX_KELLOGGS_CORPORATEPROMOTIONS_SEASONAL_KOOCHARAS_SIZMEK_FAMILYBREAKFAST_CPM-XAXIS-STANDARDBANNERS,2020_ktbo_kube_Adverity_Mediaplan_EneroAgosto-AllRegions,MCMMX_2020_MEX_Kelloggs_Corporate Promotions_Seasonal_Koocharas_Sizmek_Family breakfast_CPM-Xaxis - Standard Banners,Sizmek Sas
MCMMX_2020_MEX_KELLOGGS_FROOTLOOPS_SEASONAL_FROOTLOOPSJUMBO_SIZMEK_MID-MORNINGSNACK_CPM-XAXIS-STANDARDBANNERS,2020_ktbo_kube_Adverity_Mediaplan_EneroAgosto-AllRegions,MCMMX_2020_MEX_Kelloggs_Froot Loops_Seasonal_Froot Loops Jumbo_Sizmek_Mid-Morning snack_CPM-Xaxis - Standard Banners,Sizmek Sas
MCMMX_2020_MEX_KELLOGGS_MASTERBRAND_SEASONAL_ALLOCCASIONS_SIZMEK_BREAKFASTFORONE_CPCV-XAXISPRE-ROLL,2020_ktbo_kube_Adverity_Mediaplan_EneroAgosto-AllRegions,MCMMX_2020_MEX_Kelloggs_Masterbrand_Seasonal_All Occasions_Sizmek_Breakfast for One_CPCV-Xaxis Pre-Roll,Sizmek Sas
MCMMX_2020_MEX_KELLOGGS_MASTERBRAND_SEASONAL_ALLOCCASIONSCONTENT_SIZMEK_BREAKFASTFORONE_CPCV-SUNMEDIA,2020_ktbo_kube_Adverity_Mediaplan_EneroAgosto-AllRegions,MCMMX_2020_MEX_KELLOGGS_MASTERBRAND_SEASONAL_ALLOCCASIONSCONTENT_SIZMEK_BREAKFASTFORONE_CPCV-SUNMEDIA,Other Channels
MCMMX_2020_MEX_KELLOGGS_MASTERBRAND_SEASONAL_REDCITY_SIZMEK_BREAKFASTFORONE_CPM-XAXIS-DISPLAY,2020_ktbo_kube_Adverity_Mediaplan_EneroAgosto-AllRegions,MCMMX_2020_MEX_Kelloggs_Masterbrand_Seasonal_Red City_Sizmek_Breakfast for One_CPM-Xaxis - Display,Sizmek Sas
MCMMX_2020_MEX_KELLOGGS_MASTERBRAND_SEASONAL_WELCOMEPLAN_SIZMEK_BREAKFASTFORONE_CPM-XAXIS-DISPLAY,2020_ktbo_kube_Adverity_Mediaplan_EneroAgosto-AllRegions,MCMMX_2020_MEX_Kelloggs_Masterbrand_Seasonal_Welcome Plan_Sizmek_Breakfast for One_CPM-Xaxis - Display,Sizmek Sas
MCMMX_2020_MEX_KELLOGGS_MEZCLADITO_SEASONAL_MEZCLADITO_SIZMEK_FAMILYBREAKFAST_CPM-XAXIS-STANDARDBANNERS,2020_ktbo_kube_Adverity_Mediaplan_EneroAgosto-AllRegions,MCMMX_2020_MEX_Kelloggs_Mezcladito_Seasonal_Mezcladito_Sizmek_Family breakfast_CPM-Xaxis - Standard Banners,Sizmek Sas
MCMMX_2020_MEX_KELLOGGS_POPTARTS_SEASONAL_POPTARTS_SIZMEK_MID-MORNINGSNACK_CPCV-XAXIS-PRE-ROLL,2020_ktbo_kube_Adverity_Mediaplan_EneroAgosto-AllRegions,MCMMX_2020_MEX_KELLOGGS_POPTARTS_SEASONAL_POPTARTS_SIZMEK_MID-MORNINGSNACK_CPCV-XAXIS-PRE-ROLL,Sizmek Sas
MCMMX_2020_MEX_KELLOGGS_POPTARTS_SEASONAL_POPTARTS_SIZMEK_MID-MORNINGSNACK_CPV-SMARTCLIP,2020_ktbo_kube_Adverity_Mediaplan_EneroAgosto-AllRegions,MCMMX_2020_MEX_KELLOGGS_POPTARTS_SEASONAL_POPTARTS_SIZMEK_MID-MORNINGSNACK_CPV-SMARTCLIP,Other Channels
MCMMX_2020_MEX_KELLOGGS_PRINGLES_SEASONAL_ALWAYSONGAMING_SIZMEK_ALWAYSON_CPM-GAMELOFT,2020_ktbo_kube_Adverity_Mediaplan_EneroAgosto-AllRegions,MCMMX_2020_MEX_Kelloggs_Pringles_Seasonal_Always On Gaming_Sizmek_Always On_CPM-Gameloft,Other Channels
MCMMX_2020_MEX_KELLOGGS_PRINGLES_SEASONAL_ALWAYSONGAMING_SIZMEK_ALWAYSON_CPM-IMS-TWITCH,2020_ktbo_kube_Adverity_Mediaplan_EneroAgosto-AllRegions,MCMMX_2020_MEX_Kelloggs_Pringles_Seasonal_Always On Gaming_Sizmek_Always On_CPM-IMS-Twitch,Other Channels
MCMMX_2020_MEX_KELLOGGS_PRINGLES_SEASONAL_ALWAYSONGAMING_SIZMEK_ALWAYSON_CPCV-IMS-EA,2020_ktbo_kube_Adverity_Mediaplan_EneroAgosto-AllRegions,MCMMX_2020_MEX_KELLOGGS_PRINGLES_SEASONAL_ALWAYSONGAMING_SIZMEK_ALWAYSON_CPCV-IMS-EA,Other Channels
MCMMX_2020_MEX_KELLOGGS_PRINGLES_SEASONAL_MOVIMIENTOPRINGLES_SIZMEK_EVENINGME_CPV-XAXIS-VIDEO,2020_ktbo_kube_Adverity_Mediaplan_EneroAgosto-AllRegions,MCMMX_2020_MEX_Kelloggs_Pringles_Seasonal_Movimiento Pringles_Sizmek_Evening Me_CPV-Xaxis - Video,Sizmek Sas
MCMMX_2020_MEX_KELLOGGS_SPECIALKBARS_SEASONAL_SPECIALKBARS_SIZMEK_MID-MORNINGSNACK_CPM-XAXIS-DISPLAY,2020_ktbo_kube_Adverity_Mediaplan_EneroAgosto-AllRegions,MCMMX_2020_MEX_Kelloggs_Special K bars_Seasonal_Special K bars_Sizmek_Mid-Morning snack_CPM-Xaxis - Display,Sizmek Sas
MCMMX_2020_MEX_KELLOGGS_SPECIALK_SEASONAL_TOTEBAGS_SIZMEK_BREAKFASTFORONE,2020_ktbo_kube_Adverity_Mediaplan_EneroAgosto-AllRegions,MCMMX_2020_MEX_Kelloggs_Special K_Seasonal_Tote Bags_Sizmek_Breakfast for One,Sizmek Sas
MCMMX_2020_MEX_KELLOGGS_ZUCARITAS_SEASONAL_EQUITY_SIZMEK_FAMILY BREAKFAST_CPCV-XAXISPRE-ROLL,2020_ktbo_kube_Adverity_Mediaplan_EneroAgosto-AllRegions,MCMMX_2020_MEX_KELLOGGS_ZUCARITAS_SEASONAL_EQUITY_SIZMEK_FAMILY BREAKFAST_CPCV-XAXISPRE-ROLL,Sizmek Sas
MCMMX_2020_MEX_KELLOGGS_ZUCARITAS_SEASONAL_PROMOCINEMEX_SIZMEK_FAMILYBREAKFAST_CPM-XAXIS-DISPLAY,2020_ktbo_kube_Adverity_Mediaplan_EneroAgosto-AllRegions,MCMMX_2020_MEX_Kelloggs_Zucaritas_Seasonal_Promo Cinemex_Sizmek_Family breakfast_CPM-Xaxis - Display,Sizmek Sas
MCMPR_2020_CRI_KELLOGGS_CHEEZIT_SEASONAL_GALLETAOSNACK_SIZMEK_MID-MORNINGSNACK_CPCV-XAXIS-VIDEO,2020_ktbo_kube_Adverity_Mediaplan_EneroAgosto-AllRegions,MCMPR_2020_CRI_KELLOGGS_CHEEZIT_SEASONAL_GALLETAOSNACK_SIZMEK_MID-MORNINGSNACK_CPCV-XAXIS-VIDEO,Sizmek Sas
MCMPR_2020_CRI_KELLOGGS_CHOCOKRISPIS_SEASONAL_REFORMULACION_SIZMEK_FAMILY BREAKFAST_CPV-XAXIS-VIDEO,2020_ktbo_kube_Adverity_Mediaplan_EneroAgosto-AllRegions,MCMPR_2020_CRI_KELLOGGS_CHOCOKRISPIS_SEASONAL_REFORMULACION_SIZMEK_FAMILY BREAKFAST_CPV-XAXIS-VIDEO,Sizmek Sas
MCMPR_2020_CRI_KELLOGGS_CHOCOKRISPIS_SEASONAL_REFORMULACION_SIZMEK_FAMILY BREAKFAST_CPV-XAXIS-VIDEO,2020_ktbo_kube_Adverity_Mediaplan_EneroAgosto-AllRegions,MCMPR_2020_CRI_KELLOGGS_CHOCOKRISPIS_SEASONAL_REFORMULACION_SIZMEK_FAMILY BREAKFAST_CPV-XAXIS-VIDEO,Sizmek Sas
MCMPR_2020_CRI_KELLOGGS_MASTERBRAND_SEASONAL_DESPIERTAMUCHOMAS_SIZMEK_BREAKFASTFORONE_CPM-XAXIS-DISPLAY,2020_ktbo_kube_Adverity_Mediaplan_EneroAgosto-AllRegions,MCMPR_2020_CRI_Kelloggs_Masterbrand_Seasonal_DespiertaMuchoMas_Sizmek_Breakfast for One_CPM-Xaxis - Display,Sizmek Sas
MCMPR_2020_CRI_KELLOGGS_PRINGLES_SEASONAL_SNACKEAYGANA_SIZMEK_EVENINGME_CPM-XAXIS-DISPLAY,2020_ktbo_kube_Adverity_Mediaplan_EneroAgosto-AllRegions,MCMPR_2020_CRI_Kelloggs_Pringles_Seasonal_Snackea y Gana_Sizmek_Evening Me_CPM-Xaxis - Display,Sizmek Sas
MCMPR_2020_CRI_KELLOGGS_PRINGLES_SEASONAL_SNACKEAYGANA_SIZMEK_EVENINGME_CPCV-XAXIS-VIDEO,2020_ktbo_kube_Adverity_Mediaplan_EneroAgosto-AllRegions,MCMPR_2020_CRI_KELLOGGS_PRINGLES_SEASONAL_SNACKEAYGANA_SIZMEK_EVENINGME_CPCV-XAXIS-VIDEO,Sizmek Sas
MCMPR_2020_CRI_KELLOGGS_PRINGLES_SEASONAL_SNACKEAYGANA_SIZMEK_EVENINGME_CPV-ADMAZING,2020_ktbo_kube_Adverity_Mediaplan_EneroAgosto-AllRegions,MCMPR_2020_CRI_KELLOGGS_PRINGLES_SEASONAL_SNACKEAYGANA_SIZMEK_EVENINGME_CPV-ADMAZING,Other Channels
MCMPR_2020_CRI_KELLOGGS_PRINGLES_SEASONAL_WAVY_SIZMEK_EVENINGME_CPCV-XAXIS-VIDEO,2020_ktbo_kube_Adverity_Mediaplan_EneroAgosto-AllRegions,MCMPR_2020_CRI_Kelloggs_Pringles_Seasonal_Wavy_Sizmek_Evening Me_CPCV-Xaxis - Video,Sizmek Sas
MCMPR_2020_CRI_KELLOGGS_SPECIALK_SEASONAL_REPOSICIONAMIENTO_SIZMEK_BREAKFASTFORONE_CPM-XAXIS-DISPLAY,2020_ktbo_kube_Adverity_Mediaplan_EneroAgosto-AllRegions,MCMPR_2020_CRI_Kelloggs_SpecialK_Seasonal_Reposicionamiento_Sizmek_Breakfast for One_CPM-Xaxis-Display,Sizmek Sas
MCMPR_2020_CRI_KELLOGGS_ZUCARITAS_SEASONAL_RECREATE_SIZMEK_FAMILYBREAKFAST_CPV-XAXIS-VIDEO,2020_ktbo_kube_Adverity_Mediaplan_EneroAgosto-AllRegions,MCMPR_2020_CRI_Kelloggs_Zucaritas_Seasonal_Recreate_Sizmek_Family breakfast_CPV-Xaxis-Video,Sizmek Sas
MCMPR_2020_DOM_KELLOGGS_PRINGLES_SEASONAL_SNACKEAYGANA_SIZMEK_EVENINGME_CPM-XAXIS-DISPLAY,2020_ktbo_kube_Adverity_Mediaplan_EneroAgosto-AllRegions,MCMPR_2020_DOM_Kelloggs_Pringles_Seasonal_Snackea y Gana_Sizmek_Evening Me_CPM-Xaxis - Display,Sizmek Sas
MCMPR_2020_DOM_KELLOGGS_PRINGLES_SEASONAL_SNACKEAYGANA_SIZMEK_EVENINGME_CPCV-XAXIS-VIDEO,2020_ktbo_kube_Adverity_Mediaplan_EneroAgosto-AllRegions,MCMPR_2020_DOM_KELLOGGS_PRINGLES_SEASONAL_SNACKEAYGANA_SIZMEK_EVENINGME_CPCV-XAXIS-VIDEO,Sizmek Sas
MCMPR_2020_DOM_KELLOGGS_PRINGLES_SEASONAL_SNACKEAYGANA_SIZMEK_EVENINGME_CPV-ADMAZING,2020_ktbo_kube_Adverity_Mediaplan_EneroAgosto-AllRegions,MCMPR_2020_DOM_KELLOGGS_PRINGLES_SEASONAL_SNACKEAYGANA_SIZMEK_EVENINGME_CPV-ADMAZING,Other Channels
MCMPR_2020_DOM_KELLOGGS_PRINGLES_SEASONAL_WAVY_SIZMEK_EVENINGME_CPCV-XAXIS-VIDEO,2020_ktbo_kube_Adverity_Mediaplan_EneroAgosto-AllRegions,MCMPR_2020_DOM_Kelloggs_Pringles_Seasonal_Wavy_Sizmek_Evening Me_CPCV-Xaxis - Video,Sizmek Sas
MCMPR_2020_GTM_KELLOGGS_CHOCOKRISPIS_SEASONAL_REFORMULACION_SIZMEK_FAMILYBREAKFAST_CPV-XAXIS-VIDEO,2020_ktbo_kube_Adverity_Mediaplan_EneroAgosto-AllRegions,MCMPR_2020_GTM_Kelloggs_Choco Krispis_Seasonal_Reformulacion_Sizmek_Family breakfast_CPV-Xaxis - Video,Sizmek Sas
MCMPR_2020_GTM_KELLOGGS_CHOCOKRISPIS_SEASONAL_REFORMULACION_SIZMEK_FAMILYBREAKFAST_CPV-XAXIS-VIDEO,2020_ktbo_kube_Adverity_Mediaplan_EneroAgosto-AllRegions,MCMPR_2020_GTM_KELLOGGS_CHOCOKRISPIS_SEASONAL_REFORMULACION_SIZMEK_FAMILYBREAKFAST_CPV-XAXIS-VIDEO,Sizmek Sas
MCMPR_2020_GTM_KELLOGGS_MASTERBRAND_SEASONAL_DESPIERTAMUCHOMAS_SIZMEK_BREAKFASTFORONE_CPM-XAXIS-DISPLAY,2020_ktbo_kube_Adverity_Mediaplan_EneroAgosto-AllRegions,MCMPR_2020_GTM_Kelloggs_Masterbrand_Seasonal_DespiertaMuchoMas_Sizmek_Breakfast for One_CPM-Xaxis - Display,Sizmek Sas
MCMPR_2020_GTM_KELLOGGS_PRINGLES_SEASONAL_SNACKEAYGANA_SIZMEK_EVENINGME_CPM-XAXIS-DISPLAY,2020_ktbo_kube_Adverity_Mediaplan_EneroAgosto-AllRegions,MCMPR_2020_GTM_Kelloggs_Pringles_Seasonal_Snackea y Gana_Sizmek_Evening Me_CPM-Xaxis - Display,Sizmek Sas
MCMPR_2020_GTM_KELLOGGS_PRINGLES_SEASONAL_SNACKEAYGANA_SIZMEK_EVENINGME_CPCV-XAXIS-VIDEO,2020_ktbo_kube_Adverity_Mediaplan_EneroAgosto-AllRegions,MCMPR_2020_GTM_KELLOGGS_PRINGLES_SEASONAL_SNACKEAYGANA_SIZMEK_EVENINGME_CPCV-XAXIS-VIDEO,Sizmek Sas
MCMPR_2020_GTM_KELLOGGS_PRINGLES_SEASONAL_SNACKEAYGANA_SIZMEK_EVENINGME_CPV-ADMAZING,2020_ktbo_kube_Adverity_Mediaplan_EneroAgosto-AllRegions,MCMPR_2020_GTM_KELLOGGS_PRINGLES_SEASONAL_SNACKEAYGANA_SIZMEK_EVENINGME_CPV-ADMAZING,Other Channels
MCMPR_2020_GTM_KELLOGGS_SPECIALK_SEASONAL_REPOSICIONAMIENTO_SIZMEK_BREAKFASTFORONE_CPM-XAXIS-DISPLAY,2020_ktbo_kube_Adverity_Mediaplan_EneroAgosto-AllRegions,MCMPR_2020_GTM_Kelloggs_SpecialK_Seasonal_Reposicionamiento_Sizmek_Breakfast for One_CPM-Xaxis-Display,Sizmek Sas
MCMPR_2020_GTM_KELLOGGS_ZUCARITAS_SEASONAL_RECREATE_SIZMEK_FAMILY BREAKFAST_CPV-XAXIS-VIDEO,2020_ktbo_kube_Adverity_Mediaplan_EneroAgosto-AllRegions,MCMPR_2020_GTM_KELLOGGS_ZUCARITAS_SEASONAL_RECREATE_SIZMEK_FAMILY BREAKFAST_CPV-XAXIS-VIDEO,Sizmek Sas
MCMPR_2020_PAN_KELLOGGS_CHOCOKRISPIS_SEASONAL_REFORMULACION_SIZMEK_FAMILYBREAKFAST_CPV-XAXIS-VIDEO,2020_ktbo_kube_Adverity_Mediaplan_EneroAgosto-AllRegions,MCMPR_2020_PAN_Kelloggs_Choco Krispis_Seasonal_Reformulacion_Sizmek_Family breakfast_CPV-Xaxis - Video,Sizmek Sas
MCMPR_2020_PAN_KELLOGGS_CHOCOKRISPIS_SEASONAL_REFORMULACION_SIZMEK_FAMILYBREAKFAST_CPV-XAXIS-VIDEO,2020_ktbo_kube_Adverity_Mediaplan_EneroAgosto-AllRegions,MCMPR_2020_PAN_KELLOGGS_CHOCOKRISPIS_SEASONAL_REFORMULACION_SIZMEK_FAMILYBREAKFAST_CPV-XAXIS-VIDEO,Sizmek Sas
MCMPR_2020_PAN_KELLOGGS_MASTERBRAND_SEASONAL_DESPIERTAMUCHOMAS_SIZMEK_BREAKFASTFORONE_CPM-XAXIS-DISPLAY,2020_ktbo_kube_Adverity_Mediaplan_EneroAgosto-AllRegions,MCMPR_2020_PAN_Kelloggs_Masterbrand_Seasonal_DespiertaMuchoMas_Sizmek_Breakfast for One_CPM-Xaxis - Display,Sizmek Sas
MCMPR_2020_PAN_KELLOGGS_PRINGLES_SEASONAL_SNACKEAYGANA_SIZMEK_EVENINGME_CPM-XAXIS-DISPLAY,2020_ktbo_kube_Adverity_Mediaplan_EneroAgosto-AllRegions,MCMPR_2020_PAN_Kelloggs_Pringles_Seasonal_Snackea y Gana_Sizmek_Evening Me_CPM-Xaxis - Display,Sizmek Sas
MCMPR_2020_PAN_KELLOGGS_PRINGLES_SEASONAL_SNACKEAYGANA_SIZMEK_EVENINGME_CPCV-XAXIS-VIDEO,2020_ktbo_kube_Adverity_Mediaplan_EneroAgosto-AllRegions,MCMPR_2020_PAN_KELLOGGS_PRINGLES_SEASONAL_SNACKEAYGANA_SIZMEK_EVENINGME_CPCV-XAXIS-VIDEO,Sizmek Sas
MCMPR_2020_PAN_KELLOGGS_PRINGLES_SEASONAL_SNACKEAYGANA_SIZMEK_EVENINGME_CPV-ADMAZING,2020_ktbo_kube_Adverity_Mediaplan_EneroAgosto-AllRegions,MCMPR_2020_PAN_KELLOGGS_PRINGLES_SEASONAL_SNACKEAYGANA_SIZMEK_EVENINGME_CPV-ADMAZING,Other Channels
MCMPR_2020_PAN_KELLOGGS_PRINGLES_SEASONAL_WAVY_SIZMEK_EVENINGME_CPCV-XAXIS-VIDEO,2020_ktbo_kube_Adverity_Mediaplan_EneroAgosto-AllRegions,MCMPR_2020_PAN_Kelloggs_Pringles_Seasonal_Wavy_Sizmek_Evening Me_CPCV-Xaxis - Video,Sizmek Sas
MCMPR_2020_PAN_KELLOGGS_ZUCARITAS_SEASONAL_RECREATE_SIZMEK_FAMILYBREAKFAST_CPV-XAXIS-VIDEO,2020_ktbo_kube_Adverity_Mediaplan_EneroAgosto-AllRegions,MCMPR_2020_PAN_Kelloggs_Zucaritas_Seasonal_Recreate_Sizmek_Family breakfast_CPV-Xaxis-Video,Sizmek Sas
MCMPR_2020_PRI_KELLOGGS_CHEEZIT_SEASONAL_GALLETAOSNACK_SIZMEK_MID-MORNINGSNACK_CPCV-ADMAZING,2020_ktbo_kube_Adverity_Mediaplan_EneroAgosto-AllRegions,MCMPR_2020_PRI_KELLOGGS_CHEEZIT_SEASONAL_GALLETAOSNACK_SIZMEK_MID-MORNINGSNACK_CPCV-ADMAZING,Other Channels
MCMPR_2020_PRI_KELLOGGS_PRINGLES_SEASONAL_CAEMEJOR_SIZMEK_EVENINGME_CPCV-ADMAZING,2020_ktbo_kube_Adverity_Mediaplan_EneroAgosto-AllRegions,MCMPR_2020_PRI_KELLOGGS_PRINGLES_SEASONAL_CAEMEJOR_SIZMEK_EVENINGME_CPCV-ADMAZING,Other Channels
MCMPR_2020_SLV_KELLOGGS_CHOCOKRISPIS_SEASONAL_REFORMULACION_SIZMEK_FAMILYBREAKFAST_CPV-XAXIS-VIDEO,2020_ktbo_kube_Adverity_Mediaplan_EneroAgosto-AllRegions,MCMPR_2020_SLV_Kelloggs_Choco Krispis_Seasonal_Reformulacion_Sizmek_Family breakfast_CPV-Xaxis - Video,Sizmek Sas
MCMPR_2020_SLV_KELLOGGS_CHOCOKRISPIS_SEASONAL_REFORMULACION_SIZMEK_FAMILYBREAKFAST_CPV-XAXIS-VIDEO,2020_ktbo_kube_Adverity_Mediaplan_EneroAgosto-AllRegions,MCMPR_2020_SLV_KELLOGGS_CHOCOKRISPIS_SEASONAL_REFORMULACION_SIZMEK_FAMILYBREAKFAST_CPV-XAXIS-VIDEO,Sizmek Sas
MCMPR_2020_SLV_KELLOGGS_MASTERBRAND_SEASONAL_DESPIERTAMUCHOMAS_SIZMEK_BREAKFASTFORONE_CPM-XAXIS-DISPLAY,2020_ktbo_kube_Adverity_Mediaplan_EneroAgosto-AllRegions,MCMPR_2020_SLV_Kelloggs_Masterbrand_Seasonal_DespiertaMuchoMas_Sizmek_Breakfast for One_CPM-Xaxis - Display,Sizmek Sas
MCMPR_2021_GTM_KELLOGGS_PRINGLES_SEASONAL_VERANOX2_SIZMEK_AFTERNOONSNACK_CPM-XAXIS-DISPLAY,2021_ktbo_kube_Adverity_Mediaplan_Mayo-Caricam,MCMPR_2021_GTM_Kelloggs_Pringles_Seasonal_Veranox2_Sizmek_Afternoon Snack_CPM-Xaxis - Display,Sizmek Sas
MCMPR_2021_CRI_KELLOGGS_PRINGLES_SEASONAL_VERANOX2_SIZMEK_AFTERNOONSNACK_CPM-XAXIS-DISPLAY,2021_ktbo_kube_Adverity_Mediaplan_Mayo-Caricam,MCMPR_2021_CRI_Kelloggs_Pringles_Seasonal_Veranox2_Sizmek_Afternoon Snack_CPM-Xaxis - Display,Sizmek Sas
MCMPR_2021_PAN_KELLOGGS_PRINGLES_SEASONAL_VERANOX2_SIZMEK_AFTERNOONSNACK_CPM-XAXIS-DISPLAY,2021_ktbo_kube_Adverity_Mediaplan_Mayo-Caricam,MCMPR_2021_PAN_Kelloggs_Pringles_Seasonal_Veranox2_Sizmek_Afternoon Snack_CPM-Xaxis - Display,Sizmek Sas
MCMPR_2021_DOM_KELLOGGS_PRINGLES_SEASONAL_VERANOX2_SIZMEK_AFTERNOONSNACK_CPM-XAXIS-DISPLAY,2021_ktbo_kube_Adverity_Mediaplan_Mayo-Caricam,MCMPR_2021_DOM_Kelloggs_Pringles_Seasonal_Veranox2_Sizmek_Afternoon Snack_CPM-Xaxis - Display,Sizmek Sas
MCMPR_2021_GTM_KELLOGGS_SPECIALK_SEASONAL_ALIMENTAMOSLOQUEERES_SIZMEK_BREAKFASTFORONE_CPCV-XAXIS-VIDEO,2021_ktbo_kube_Adverity_Mediaplan_Mayo-Caricam,MCMPR_2021_GTM_Kelloggs_Special K_Seasonal_Alimentamos lo que eres_Sizmek_Breakfast for One_CPCV-Xaxis - Video,Sizmek Sas
MCMPR_2021_CRI_KELLOGGS_SPECIALK_SEASONAL_ALIMENTAMOSLOQUEERES_SIZMEK_BREAKFASTFORONE_CPCV-XAXIS-VIDEO,2021_ktbo_kube_Adverity_Mediaplan_Mayo-Caricam,MCMPR_2021_CRI_Kelloggs_Special K_Seasonal_Alimentamos lo que eres_Sizmek_Breakfast for One_CPCV-Xaxis - Video,Sizmek Sas
MCMMIA_2021_GTM_KELLOGGS_PRINGLES_SEASONAL_VERANOX2_FACEBOOK_FACEBOOKANDINSTAGRAM_REACH_CPM_AFTERNOONSNACK,2021_ktbo_kube_Adverity_Mediaplan_Mayo-Caricam,MCMMIA_2021_GTM_Kelloggs_Pringles_Seasonal_Veranox2_Facebook_Facebook and Instagram_Reach_CPM_Afternoon Snack,Facebook Ads Insights
MCMMIA_2021_GTM_KELLOGGS_PRINGLES_SEASONAL_GOOGLE_YOUTUBE_VERANOX2_AFFINITYAUDIENCES_CPC_AFTERNOONSNACK,2021_ktbo_kube_Adverity_Mediaplan_Mayo-Caricam,MCMMIA_2021_GTM_Kelloggs_Pringles_Seasonal_Google_Youtube_Veranox2_Affinity Audiences_CPC_Afternoon Snack,Google Adwords
MCMMIA_2021_GTM_KELLOGGS_PRINGLES_SEASONAL_GOOGLE_YOUTUBE_VERANOX2_AFFINITYAUDIENCES_CPM_AFTERNOONSNACK,2021_ktbo_kube_Adverity_Mediaplan_Mayo-Caricam,MCMMIA_2021_GTM_Kelloggs_Pringles_Seasonal_Google_Youtube_Veranox2_Affinity Audiences_CPM_Afternoon Snack,Google Adwords
MCMPR_2021_GTM_KELLOGGS_PRINGLES_SEASONAL_VERANOX2_SIZMEK_AFTERNOONSNACK_CPCV-ADMAZING,2021_ktbo_kube_Adverity_Mediaplan_Mayo-Caricam,MCMPR_2021_GTM_Kelloggs_Pringles_Seasonal_Veranox2_Sizmek_Afternoon Snack_CPCV-Admazing,Other Channels
MCMMIA_2021_CRI_KELLOGGS_PRINGLES_SEASONAL_VERANOX2_FACEBOOK_FACEBOOKANDINSTAGRAM_REACH_CPM_AFTERNOONSNACK,2021_ktbo_kube_Adverity_Mediaplan_Mayo-Caricam,MCMMIA_2021_CRI_Kelloggs_Pringles_Seasonal_Veranox2_Facebook_Facebook and Instagram_Reach_CPM_Afternoon Snack,Facebook Ads Insights
MCMMIA_2021_CRI_KELLOGGS_PRINGLES_SEASONAL_GOOGLE_YOUTUBE_VERANOX2_AFFINITYAUDIENCES_CPC_AFTERNOONSNACK,2021_ktbo_kube_Adverity_Mediaplan_Mayo-Caricam,MCMMIA_2021_CRI_Kelloggs_Pringles_Seasonal_Google_Youtube_Veranox2_Affinity Audiences_CPC_Afternoon Snack,Google Adwords
MCMMIA_2021_CRI_KELLOGGS_PRINGLES_SEASONAL_GOOGLE_YOUTUBE_VERANOX2_AFFINITYAUDIENCES_CPM_AFTERNOONSNACK,2021_ktbo_kube_Adverity_Mediaplan_Mayo-Caricam,MCMMIA_2021_CRI_Kelloggs_Pringles_Seasonal_Google_Youtube_Veranox2_Affinity Audiences_CPM_Afternoon Snack,Google Adwords
MCMPR_2021_CRI_KELLOGGS_PRINGLES_SEASONAL_VERANOX2_SIZMEK_AFTERNOONSNACK_CPCV-ADMAZING,2021_ktbo_kube_Adverity_Mediaplan_Mayo-Caricam,MCMPR_2021_CRI_Kelloggs_Pringles_Seasonal_Veranox2_Sizmek_Afternoon Snack_CPCV-Admazing,Other Channels
MCMMIA_2021_PAN_KELLOGGS_PRINGLES_SEASONAL_VERANOX2_FACEBOOK_FACEBOOKANDINSTAGRAM_REACH_CPM_AFTERNOONSNACK,2021_ktbo_kube_Adverity_Mediaplan_Mayo-Caricam,MCMMIA_2021_PAN_Kelloggs_Pringles_Seasonal_Veranox2_Facebook_Facebook and Instagram_Reach_CPM_Afternoon Snack,Facebook Ads Insights
MCMMIA_2021_PAN_KELLOGGS_PRINGLES_SEASONAL_GOOGLE_YOUTUBE_VERANOX2_AFFINITYAUDIENCES_CPC_AFTERNOONSNACK,2021_ktbo_kube_Adverity_Mediaplan_Mayo-Caricam,MCMMIA_2021_PAN_Kelloggs_Pringles_Seasonal_Google_Youtube_Veranox2_Affinity Audiences_CPC_Afternoon Snack,Google Adwords
MCMMIA_2021_PAN_KELLOGGS_PRINGLES_SEASONAL_GOOGLE_YOUTUBE_VERANOX2_AFFINITYAUDIENCES_CPM_AFTERNOONSNACK,2021_ktbo_kube_Adverity_Mediaplan_Mayo-Caricam,MCMMIA_2021_PAN_Kelloggs_Pringles_Seasonal_Google_Youtube_Veranox2_Affinity Audiences_CPM_Afternoon Snack,Google Adwords
MCMPR_2021_PAN_KELLOGGS_PRINGLES_SEASONAL_VERANOX2_SIZMEK_AFTERNOONSNACK_CPCV-ADMAZING,2021_ktbo_kube_Adverity_Mediaplan_Mayo-Caricam,MCMPR_2021_PAN_Kelloggs_Pringles_Seasonal_Veranox2_Sizmek_Afternoon Snack_CPCV-Admazing,Other Channels
MCMMIA_2021_DOM_KELLOGGS_PRINGLES_SEASONAL_VERANOX2_FACEBOOK_FACEBOOKANDINSTAGRAM_REACH_CPM_AFTERNOONSNACK,2021_ktbo_kube_Adverity_Mediaplan_Mayo-Caricam,MCMMIA_2021_DOM_Kelloggs_Pringles_Seasonal_Veranox2_Facebook_Facebook and Instagram_Reach_CPM_Afternoon Snack,Facebook Ads Insights
MCMMIA_2021_DOM_KELLOGGS_PRINGLES_SEASONAL_GOOGLE_YOUTUBE_VERANOX2_AFFINITYAUDIENCES_CPC_AFTERNOONSNACK,2021_ktbo_kube_Adverity_Mediaplan_Mayo-Caricam,MCMMIA_2021_DOM_Kelloggs_Pringles_Seasonal_Google_Youtube_Veranox2_Affinity Audiences_CPC_Afternoon Snack,Google Adwords
MCMMIA_2021_DOM_KELLOGGS_PRINGLES_SEASONAL_GOOGLE_YOUTUBE_VERANOX2_AFFINITYAUDIENCES_CPM_AFTERNOONSNACK,2021_ktbo_kube_Adverity_Mediaplan_Mayo-Caricam,MCMMIA_2021_DOM_Kelloggs_Pringles_Seasonal_Google_Youtube_Veranox2_Affinity Audiences_CPM_Afternoon Snack,Google Adwords
MCMPR_2021_DOM_KELLOGGS_PRINGLES_SEASONAL_VERANOX2_SIZMEK_AFTERNOONSNACK_CPCV-ADMAZING,2021_ktbo_kube_Adverity_Mediaplan_Mayo-Caricam,MCMPR_2021_DOM_Kelloggs_Pringles_Seasonal_Veranox2_Sizmek_Afternoon Snack_CPCV-Admazing,Other Channels
MCMMIA_2021_SLV_KELLOGGS_PRINGLES_SEASONAL_VERANOX2_FACEBOOK_FACEBOOKANDINSTAGRAM_REACH_CPM_AFTERNOONSNACK,2021_ktbo_kube_Adverity_Mediaplan_Mayo-Caricam,MCMMIA_2021_SLV_Kelloggs_Pringles_Seasonal_Veranox2_Facebook_Facebook and Instagram_Reach_CPM_Afternoon Snack,Facebook Ads Insights
MCMMIA_2021_HND_KELLOGGS_PRINGLES_SEASONAL_VERANOX2_FACEBOOK_FACEBOOKANDINSTAGRAM_REACH_CPM_AFTERNOONSNACK,2021_ktbo_kube_Adverity_Mediaplan_Mayo-Caricam,MCMMIA_2021_HND_Kelloggs_Pringles_Seasonal_Veranox2_Facebook_Facebook and Instagram_Reach_CPM_Afternoon Snack,Facebook Ads Insights
MCMMIA_2021_NIC_KELLOGGS_PRINGLES_SEASONAL_VERANOX2_FACEBOOK_FACEBOOKANDINSTAGRAM_REACH_CPM_AFTERNOONSNACK,2021_ktbo_kube_Adverity_Mediaplan_Mayo-Caricam,MCMMIA_2021_NIC_Kelloggs_Pringles_Seasonal_Veranox2_Facebook_Facebook and Instagram_Reach_CPM_Afternoon Snack,Facebook Ads Insights
MCMMIA_2021_PRI_KELLOGGS_PRINGLES_SEASONAL_MEGHAN_FACEBOOK_FACEBOOKANDINSTAGRAM_REACH_CPM_AFTERNOONSNACK,2021_ktbo_kube_Adverity_Mediaplan_Mayo-Caricam,MCMMIA_2021_PRI_Kelloggs_Pringles_Seasonal_Meghan_Facebook_Facebook and Instagram_Reach_CPM_Afternoon Snack,Facebook Ads Insights
MCMMIA_2021_PRI_KELLOGGS_PRINGLES_SEASONAL_GOOGLE_YOUTUBE_MEGHAN_AFFINITYAUDIENCES_CPV_AFTERNOONSNACK,2021_ktbo_kube_Adverity_Mediaplan_Mayo-Caricam,MCMMIA_2021_PRI_Kelloggs_Pringles_Seasonal_Google_Youtube_Meghan_Affinity Audiences_CPV_Afternoon Snack,Google Adwords
MCMPR_2021_PRI_KELLOGGS_PRINGLES_SEASONAL_MEGHAN_SIZMEK_AFTERNOONSNACK_CPCV-XAXIS-VIDEO,2021_ktbo_kube_Adverity_Mediaplan_Mayo-Caricam,MCMPR_2021_PRI_Kelloggs_Pringles_Seasonal_Meghan_Sizmek_Afternoon Snack_CPCV-Xaxis - Video,Sizmek Sas
MCMPR_2021_PRI_KELLOGGS_PRINGLES_SEASONAL_MEGHAN_SIZMEK_AFTERNOONSNACK_CPCV-ADMAZING,2021_ktbo_kube_Adverity_Mediaplan_Mayo-Caricam,MCMPR_2021_PRI_Kelloggs_Pringles_Seasonal_Meghan_Sizmek_Afternoon Snack_CPCV-Admazing,Other Channels
MCMPR_2021_PRI_KELLOGGS_PRINGLES_SEASONAL_MEGHAN_SIZMEK_AFTERNOONSNACK_CPV-CONNECTEDTV,2021_ktbo_kube_Adverity_Mediaplan_Mayo-Caricam,MCMPR_2021_PRI_Kelloggs_Pringles_Seasonal_Meghan_Sizmek_Afternoon Snack_CPV-Connected TV,Other Channels
MCMMIA_2021_GTM_KELLOGGS_PRINGLES_SEASONAL_VERANOX2_FACEBOOK_FACEBOOKANDINSTAGRAM_WEBSITECLICKS_CPC_AFTERNOONSNACK,2021_ktbo_kube_Adverity_Mediaplan_Mayo-Caricam,MCMMIA_2021_GTM_Kelloggs_Pringles_Seasonal_Veranox2_Facebook_Facebook and Instagram_Website Clicks_CPC_Afternoon Snack,Facebook Ads Insights
MCMMIA_2021_CRI_KELLOGGS_PRINGLES_SEASONAL_VERANOX2_FACEBOOK_FACEBOOKANDINSTAGRAM_WEBSITECLICKS_CPC_AFTERNOONSNACK,2021_ktbo_kube_Adverity_Mediaplan_Mayo-Caricam,MCMMIA_2021_CRI_Kelloggs_Pringles_Seasonal_Veranox2_Facebook_Facebook and Instagram_Website Clicks_CPC_Afternoon Snack,Facebook Ads Insights
MCMMIA_2021_PAN_KELLOGGS_PRINGLES_SEASONAL_VERANOX2_FACEBOOK_FACEBOOKANDINSTAGRAM_WEBSITECLICKS_CPC_AFTERNOONSNACK,2021_ktbo_kube_Adverity_Mediaplan_Mayo-Caricam,MCMMIA_2021_PAN_Kelloggs_Pringles_Seasonal_Veranox2_Facebook_Facebook and Instagram_Website Clicks_CPC_Afternoon Snack,Facebook Ads Insights
MCMMIA_2021_DOM_KELLOGGS_PRINGLES_SEASONAL_VERANOX2_FACEBOOK_FACEBOOKANDINSTAGRAM_WEBSITECLICKS_CPC_AFTERNOONSNACK,2021_ktbo_kube_Adverity_Mediaplan_Mayo-Caricam,MCMMIA_2021_DOM_Kelloggs_Pringles_Seasonal_Veranox2_Facebook_Facebook and Instagram_Website Clicks_CPC_Afternoon Snack,Facebook Ads Insights
MCMMIA_2021_SLV_KELLOGGS_PRINGLES_SEASONAL_VERANOX2_FACEBOOK_FACEBOOKANDINSTAGRAM_WEBSITECLICKS_CPC_AFTERNOONSNACK,2021_ktbo_kube_Adverity_Mediaplan_Mayo-Caricam,MCMMIA_2021_SLV_Kelloggs_Pringles_Seasonal_Veranox2_Facebook_Facebook and Instagram_Website Clicks_CPC_Afternoon Snack,Facebook Ads Insights
MCMMIA_2021_HND_KELLOGGS_PRINGLES_SEASONAL_VERANOX2_FACEBOOK_FACEBOOKANDINSTAGRAM_WEBSITECLICKS_CPC_AFTERNOONSNACK,2021_ktbo_kube_Adverity_Mediaplan_Mayo-Caricam,MCMMIA_2021_HND_Kelloggs_Pringles_Seasonal_Veranox2_Facebook_Facebook and Instagram_Website Clicks_CPC_Afternoon Snack,Facebook Ads Insights
MCMMIA_2021_NIC_KELLOGGS_PRINGLES_SEASONAL_VERANOX2_FACEBOOK_FACEBOOKANDINSTAGRAM_WEBSITECLICKS_CPC_AFTERNOONSNACK,2021_ktbo_kube_Adverity_Mediaplan_Mayo-Caricam,MCMMIA_2021_NIC_Kelloggs_Pringles_Seasonal_Veranox2_Facebook_Facebook and Instagram_Website Clicks_CPC_Afternoon Snack,Facebook Ads Insights
MCMMIA_2021_PRI_KELLOGGS_PRINGLES_SEASONAL_MEGHAN_FACEBOOK_FACEBOOKANDINSTAGRAM_WEBSITECLICKS_CPC_AFTERNOONSNACK,2021_ktbo_kube_Adverity_Mediaplan_Mayo-Caricam,MCMMIA_2021_PRI_Kelloggs_Pringles_Seasonal_Meghan_Facebook_Facebook and Instagram_Website Clicks_CPC_Afternoon Snack,Facebook Ads Insights
MCMMIA_2021_PRI_KELLOGGS_PRINGLES_SEASONAL_GOOGLE_YOUTUBE_MEGHAN_AFFINITYAUDIENCES_CPM_AFTERNOONSNACK,2021_ktbo_kube_Adverity_Mediaplan_Mayo-Caricam,MCMMIA_2021_PRI_Kelloggs_Pringles_Seasonal_Google_Youtube_Meghan_Affinity Audiences_CPM_Afternoon Snack,Google Adwords
MCMPR_2021_PRI_KELLOGGS_PRINGLES_SEASONAL_MEGHAN_SIZMEK_AFTERNOONSNACK_CPM-GFR-BANNERS,2021_ktbo_kube_Adverity_Mediaplan_Mayo-Caricam,MCMPR_2021_PRI_Kelloggs_Pringles_Seasonal_Meghan_Sizmek_Afternoon Snack_CPM-GFR-Banners,Other Channels
MCMMIA_2021_GTM_KELLOGGS_PRINGLES_SEASONAL_GOOGLE_YOUTUBE_ALWAYSON_AFFINITYAUDIENCES_CPV_EVENINGME,2021_ktbo_kube_Adverity_Mediaplan_Mayo-Caricam,MCMMIA_2021_GTM_Kelloggs_Pringles_Seasonal_Google_Youtube_Always On_Affinity Audiences_CPV_Evening Me,Google Adwords
MCMMIA_2021_CRI_KELLOGGS_PRINGLES_SEASONAL_GOOGLE_YOUTUBE_ALWAYSON_AFFINITYAUDIENCES_CPV_EVENINGME,2021_ktbo_kube_Adverity_Mediaplan_Mayo-Caricam,MCMMIA_2021_CRI_Kelloggs_Pringles_Seasonal_Google_Youtube_Always On_Affinity Audiences_CPV_Evening Me,Google Adwords
MCMMIA_2021_PAN_KELLOGGS_PRINGLES_SEASONAL_GOOGLE_YOUTUBE_ALWAYSON_AFFINITYAUDIENCES_CPV_EVENINGME,2021_ktbo_kube_Adverity_Mediaplan_Mayo-Caricam,MCMMIA_2021_PAN_Kelloggs_Pringles_Seasonal_Google_Youtube_Always On_Affinity Audiences_CPV_Evening Me,Google Adwords
MCMMIA_2021_DOM_KELLOGGS_PRINGLES_SEASONAL_GOOGLE_YOUTUBE_ALWAYSON_AFFINITYAUDIENCES_CPV_EVENINGME,2021_ktbo_kube_Adverity_Mediaplan_Mayo-Caricam,MCMMIA_2021_DOM_Kelloggs_Pringles_Seasonal_Google_Youtube_Always On_Affinity Audiences_CPV_Evening Me,Google Adwords
MCMMIA_2021_HND_KELLOGGS_PRINGLES_SEASONAL_GOOGLE_YOUTUBE_ALWAYSON_AFFINITYAUDIENCES_CPV_EVENINGME,2021_ktbo_kube_Adverity_Mediaplan_Mayo-Caricam,MCMMIA_2021_HND_Kelloggs_Pringles_Seasonal_Google_Youtube_Always On_Affinity Audiences_CPV_Evening Me,Google Adwords
MCMMIA_2021_NIC_KELLOGGS_PRINGLES_SEASONAL_GOOGLE_YOUTUBE_ALWAYSON_AFFINITYAUDIENCES_CPV_EVENINGME,2021_ktbo_kube_Adverity_Mediaplan_Mayo-Caricam,MCMMIA_2021_NIC_Kelloggs_Pringles_Seasonal_Google_Youtube_Always On_Affinity Audiences_CPV_Evening Me,Google Adwords
MCMMIA_2021_SLV_KELLOGGS_PRINGLES_SEASONAL_GOOGLE_YOUTUBE_ALWAYSON_AFFINITYAUDIENCES_CPV_EVENINGME,2021_ktbo_kube_Adverity_Mediaplan_Mayo-Caricam,MCMMIA_2021_SLV_Kelloggs_Pringles_Seasonal_Google_Youtube_Always On_Affinity Audiences_CPV_Evening Me,Google Adwords
MCMMIA_2021_GTM_KELLOGGS_CORPORATEAFFAIRS_SEASONAL_LOGRANDOMEJORESDIAS-PRESIDENCIA_TWITTER_TWITTER_REACH_CPM_FAMILYBREAKFAST,2021_ktbo_kube_Adverity_Mediaplan_Mayo-Caricam,MCMMIA_2021_GTM_Kelloggs_Corporate Affairs_Seasonal_Logrando mejores Dias - Presidencia_Twitter_Twitter_Reach_CPM_Family Breakfast,Twitter
